{"args": {"batch_size": null, "dim": 64, "disease": "ndm", "do_evaluate": false, "do_predict": true, "do_train": true, "earlystop": 2, "epoches": 200, "gpu": "1", "l2": 0.0005, "l_r": 0.0005, "lanta_c": 0.0, "lanta_d": 0.0, "margin": 0.6, "model": "TransE", "n_filter": null, "n_neg": 1, "save_em": false}, "dev-mrr": [0.08165, 0.13032, 0.19253, 0.25355, 0.29509, 0.3275, 0.35585, 0.37905, 0.40035, 0.42359, 0.44502, 0.45847, 0.47665, 0.49264, 0.50491, 0.52027, 0.53001, 0.54057, 0.54797, 0.55494], "best-epoch": 200, "MR": 32.9, "MRR": 0.56713, "Hits1": 0.4463778136283322, "Hits3": 0.6454636244910502, "Hits10": 0.7642698010294231}