{"args": {"batch_size": null, "dim": 200, "disease": "ndm", "do_evaluate": false, "do_predict": true, "do_train": true, "earlystop": 2, "epoches": 1000, "gpu": "1", "l2": 0.0005, "l_r": 0.005, "lanta_c": 0.0, "lanta_d": 0.0, "margin": 0.6, "model": "TransH", "n_filter": null, "n_neg": 1, "save_em": false}, "dev-mrr": [0.72357, 0.74397, 0.77142, 0.77762, 0.79696, 0.80135, 0.8076, 0.80992, 0.81199, 0.8213, 0.81489, 0.8216, 0.81983, 0.8255, 0.82535, 0.8289, 0.82615, 0.82781, 0.83169], "best-epoch": 950, "MR": 16.5, "MRR": 0.84077, "Hits1": 0.7782131059383882, "Hits3": 0.8897211339018207, "Hits10": 0.9361219943151263}